{
	"info": {
		"_postman_id": "f72fa76b-60b5-4636-b28e-6ff20d57d2d6",
		"name": "Actividad1",
		"schema": "https://schema.getpostman.com/json/collection/v2.1.0/collection.json",
		"_exporter_id": "27564569"
	},
	"item": [
		{
			"name": "AllEmployees",
			"request": {
				"method": "GET",
				"header": [],
				"url": {
					"raw": "localhost:8000/api/employees",
					"host": [
						"localhost"
					],
					"port": "8000",
					"path": [
						"api",
						"employees"
					]
				}
			},
			"response": []
		},
		{
			"name": "Page1",
			"request": {
				"method": "GET",
				"header": [],
				"url": {
					"raw": "localhost:8000/api/employees?page=1",
					"host": [
						"localhost"
					],
					"port": "8000",
					"path": [
						"api",
						"employees"
					],
					"query": [
						{
							"key": "page",
							"value": "1"
						}
					]
				}
			},
			"response": []
		},
		{
			"name": "Page2",
			"request": {
				"method": "GET",
				"header": [],
				"url": {
					"raw": "localhost:8000/api/employees?page=2",
					"host": [
						"localhost"
					],
					"port": "8000",
					"path": [
						"api",
						"employees"
					],
					"query": [
						{
							"key": "page",
							"value": "2"
						}
					]
				}
			},
			"response": []
		},
		{
			"name": "PageN",
			"request": {
				"method": "GET",
				"header": [],
				"url": {
					"raw": "localhost:8000/api/employees?page=3",
					"host": [
						"localhost"
					],
					"port": "8000",
					"path": [
						"api",
						"employees"
					],
					"query": [
						{
							"key": "page",
							"value": "3"
						}
					]
				}
			},
			"response": []
		},
		{
			"name": "Oldest",
			"request": {
				"method": "GET",
				"header": [],
				"url": {
					"raw": "localhost:8000/api/employees/oldest",
					"host": [
						"localhost"
					],
					"port": "8000",
					"path": [
						"api",
						"employees",
						"oldest"
					]
				}
			},
			"response": []
		},
		{
			"name": "TypeUser",
			"request": {
				"method": "GET",
				"header": [],
				"url": {
					"raw": "localhost:8000/api/employees?user=true",
					"host": [
						"localhost"
					],
					"port": "8000",
					"path": [
						"api",
						"employees"
					],
					"query": [
						{
							"key": "user",
							"value": "true"
						}
					]
				}
			},
			"response": []
		},
		{
			"name": "Create: Missing fields",
			"request": {
				"method": "POST",
				"header": [],
				"body": {
					"mode": "raw",
					"raw": "{\n    \"name\": \"Jerry\",\n    \"age\": 12,\n    \"phone\": {\n      \"personal\": \"555-123-123\",\n      \"work\": \"555-456-456\",\n      \"ext\": \"7673\"\n    },\n    \"privileges\": \"lamebotas\",\n    \"favorites\": {\n      \"artist\": \"Dali\",\n      \"food\": \"La pollería\"\n    },\n    \"finished\": [\n      11\n    ],\n    \"points\": [\n      {\n        \"points\": 85,\n        \"bonus\": 20\n      },\n      {\n        \"points\": 64,\n        \"bonus\": 12\n      }\n    ]\n  }",
					"options": {
						"raw": {
							"language": "json"
						}
					}
				},
				"url": {
					"raw": "localhost:8000/api/employees",
					"host": [
						"localhost"
					],
					"port": "8000",
					"path": [
						"api",
						"employees"
					]
				}
			},
			"response": []
		},
		{
			"name": "Create: Success",
			"request": {
				"method": "POST",
				"header": [],
				"body": {
					"mode": "raw",
					"raw": "{\n    \"name\": \"Jerry\",\n    \"age\": 12,\n    \"phone\": {\n      \"personal\": \"555-123-123\",\n      \"work\": \"555-456-456\",\n      \"ext\": \"7673\"\n    },\n    \"privileges\": \"lamebotas\",\n    \"favorites\": {\n      \"artist\": \"Dali\",\n      \"food\": \"La pollería\"\n    },\n    \"finished\": [\n      11\n    ],\n    \"badges\": [\n      \"white\"\n    ],\n    \"points\": [\n      {\n        \"points\": 85,\n        \"bonus\": 20\n      },\n      {\n        \"points\": 64,\n        \"bonus\": 12\n      }\n    ]\n  }",
					"options": {
						"raw": {
							"language": "json"
						}
					}
				},
				"url": {
					"raw": "localhost:8000/api/employees",
					"host": [
						"localhost"
					],
					"port": "8000",
					"path": [
						"api",
						"employees"
					]
				}
			},
			"response": []
		},
		{
			"name": "Find by name",
			"request": {
				"method": "GET",
				"header": [],
				"url": {
					"raw": "localhost:8000/api/employees/bOb",
					"host": [
						"localhost"
					],
					"port": "8000",
					"path": [
						"api",
						"employees",
						"bOb"
					]
				}
			},
			"response": []
		}
	]
}